model,attack,level_2,t_list,Clean_acc,Attacked_acc,Defended_acc
curvenet,add,48300,"[5, 90, 20, 50, 20]",0.9384116693679092,0.6620745542949756,0.8715559157212318
curvenet,add,49735,"[5, 100, 55, 10, 0]",0.9384116693679092,0.6620745542949756,0.8691247974068071
curvenet,add,49683,"[10, 70, 35, 10, 0]",0.9384116693679092,0.6620745542949756,0.8687196110210696
curvenet,add,46791,"[5, 75, 45, 60, 65]",0.9384116693679092,0.6620745542949756,0.8675040518638574
curvenet,add,49732,"[5, 80, 65, 45, 30]",0.9384116693679092,0.6620745542949756,0.8675040518638574
curvenet,add,47192,"[5, 95, 55, 40, 45]",0.9384116693679092,0.6620745542949756,0.8675040518638574
curvenet,add,49184,"[10, 90, 55, 5, 20]",0.9384116693679092,0.6620745542949756,0.8666936790923825
curvenet,add,48647,"[10, 65, 40, 25, 0]",0.9384116693679092,0.6620745542949756,0.8666936790923825
curvenet,add,47855,"[5, 60, 25, 75, 0]",0.9384116693679092,0.6620745542949756,0.8666936790923825
curvenet,add,48808,"[5, 75, 60, 50, 45]",0.9384116693679092,0.6620745542949756,0.8666936790923825
curvenet,cw,82910,"[10, 0, 35, 50, 40]",0.9384116693679092,0.0012155591572123,0.8881685575364667
curvenet,cw,81951,"[10, 60, 20, 0, 10]",0.9384116693679092,0.0012155591572123,0.8865478119935171
curvenet,cw,81516,"[5, 35, 10, 20, 25]",0.9384116693679092,0.0012155591572123,0.8861426256077796
curvenet,cw,81848,"[10, 40, 40, 75, 25]",0.9384116693679092,0.0012155591572123,0.8853322528363047
curvenet,cw,83118,"[5, 75, 30, 20, 60]",0.9384116693679092,0.0012155591572123,0.8845218800648298
curvenet,cw,82145,"[5, 95, 55, 40, 45]",0.9384116693679092,0.0012155591572123,0.8845218800648298
curvenet,cw,82092,"[5, 80, 35, 25, 25]",0.9384116693679092,0.0012155591572123,0.8837115072933549
curvenet,cw,82452,"[10, 75, 25, 60, 65]",0.9384116693679092,0.0012155591572123,0.8833063209076175
curvenet,cw,83023,"[5, 65, 55, 15, 35]",0.9384116693679092,0.0012155591572123,0.8833063209076175
curvenet,cw,81417,"[10, 60, 55, 35, 65]",0.9384116693679092,0.0012155591572123,0.8833063209076175
curvenet,drop,66211,"[0, 60, 30, 25, 100]",0.9384116693679092,0.8014586709886548,0.8229335494327391
curvenet,drop,67061,"[0, 10, 30, 15, 95]",0.9384116693679092,0.8014586709886548,0.820097244732577
curvenet,drop,68131,"[0, 60, 5, 10, 90]",0.9384116693679092,0.8014586709886548,0.8196920583468396
curvenet,drop,68402,"[0, 95, 20, 15, 80]",0.9384116693679092,0.8014586709886548,0.8196920583468396
curvenet,drop,66981,"[0, 90, 5, 25, 90]",0.9384116693679092,0.8014586709886548,0.8188816855753647
curvenet,drop,66232,"[0, 55, 25, 70, 55]",0.9384116693679092,0.8014586709886548,0.8188816855753647
curvenet,drop,68852,"[0, 35, 10, 15, 55]",0.9384116693679092,0.8014586709886548,0.8188816855753647
curvenet,drop,67894,"[0, 25, 20, 45, 45]",0.9384116693679092,0.8014586709886548,0.8184764991896273
curvenet,drop,67897,"[0, 25, 15, 30, 35]",0.9384116693679092,0.8014586709886548,0.8180713128038898
curvenet,drop,68720,"[0, 65, 50, 25, 70]",0.9384116693679092,0.8014586709886548,0.8180713128038898
curvenet,knn,96844,"[5, 70, 80, 10, 15]",0.9384116693679092,0.0076985413290113,0.8938411669367909
curvenet,knn,95881,"[5, 75, 45, 60, 65]",0.9384116693679092,0.0076985413290113,0.8934359805510534
curvenet,knn,96417,"[10, 65, 75, 90, 35]",0.9384116693679092,0.0076985413290113,0.8934359805510534
curvenet,knn,96072,"[10, 70, 50, 90, 25]",0.9384116693679092,0.0076985413290113,0.8934359805510534
curvenet,knn,96906,"[5, 0, 50, 65, 55]",0.9384116693679092,0.0076985413290113,0.893030794165316
curvenet,knn,95560,"[5, 10, 60, 35, 10]",0.9384116693679092,0.0076985413290113,0.8926256077795786
curvenet,knn,97126,"[10, 30, 70, 0, 20]",0.9384116693679092,0.0076985413290113,0.8926256077795786
curvenet,knn,96722,"[10, 65, 25, 75, 25]",0.9384116693679092,0.0076985413290113,0.8922204213938412
curvenet,knn,96788,"[5, 100, 40, 10, 35]",0.9384116693679092,0.0076985413290113,0.8922204213938412
curvenet,knn,97013,"[5, 5, 95, 40, 85]",0.9384116693679092,0.0076985413290113,0.8922204213938412
curvenet,pgd,30419,"[100, 85, 25, 15, 0]",0.9384116693679092,0.0409238249594813,0.7872771474878444
curvenet,pgd,30702,"[75, 75, 50, 5, 10]",0.9384116693679092,0.0409238249594813,0.7860615883306321
curvenet,pgd,30699,"[90, 90, 5, 30, 40]",0.9384116693679092,0.0409238249594813,0.7856564019448946
curvenet,pgd,29142,"[100, 35, 55, 10, 0]",0.9384116693679092,0.0409238249594813,0.7844408427876823
curvenet,pgd,30662,"[70, 85, 55, 5, 35]",0.9384116693679092,0.0409238249594813,0.784035656401945
curvenet,pgd,29122,"[95, 70, 5, 0, 25]",0.9384116693679092,0.0409238249594813,0.784035656401945
curvenet,pgd,31228,"[80, 75, 0, 0, 45]",0.9384116693679092,0.0409238249594813,0.7836304700162074
curvenet,pgd,31194,"[100, 60, 15, 65, 30]",0.9384116693679092,0.0409238249594813,0.7832252836304701
curvenet,pgd,30385,"[95, 40, 55, 45, 50]",0.9384116693679092,0.0409238249594813,0.7832252836304701
curvenet,pgd,30972,"[75, 85, 25, 45, 5]",0.9384116693679092,0.0409238249594813,0.7832252836304701
curvenet,pgdl2,15280,"[20, 75, 40, 0, 55]",0.9384116693679092,0.0940032414910859,0.7686385737439222
curvenet,pgdl2,13856,"[25, 100, 30, 95, 50]",0.9384116693679092,0.0940032414910859,0.7633711507293355
curvenet,pgdl2,14998,"[25, 55, 35, 75, 60]",0.9384116693679092,0.0940032414910859,0.7629659643435981
curvenet,pgdl2,14335,"[25, 90, 65, 70, 10]",0.9384116693679092,0.0940032414910859,0.7629659643435981
curvenet,pgdl2,14102,"[20, 75, 85, 30, 60]",0.9384116693679092,0.0940032414910859,0.7625607779578606
curvenet,pgdl2,15139,"[25, 75, 5, 55, 55]",0.9384116693679092,0.0940032414910859,0.7625607779578606
curvenet,pgdl2,15151,"[20, 45, 55, 70, 10]",0.9384116693679092,0.0940032414910859,0.7625607779578606
curvenet,pgdl2,13559,"[20, 60, 15, 0, 90]",0.9384116693679092,0.0940032414910859,0.7621555915721232
curvenet,pgdl2,15651,"[25, 50, 45, 40, 40]",0.9384116693679092,0.0940032414910859,0.7621555915721232
curvenet,pgdl2,14653,"[95, 40, 40, 80, 80]",0.9384116693679092,0.0940032414910859,0.7621555915721232
dgcnn,add,33367,"[5, 15, 20, 5, 25]",0.9286871961102108,0.63290113452188,0.8460291734197731
dgcnn,add,33584,"[5, 0, 30, 10, 40]",0.9286871961102108,0.63290113452188,0.8456239870340356
dgcnn,add,34746,"[5, 0, 55, 40, 30]",0.9286871961102108,0.63290113452188,0.8419773095623987
dgcnn,add,35002,"[5, 0, 5, 5, 45]",0.9286871961102108,0.63290113452188,0.8415721231766613
dgcnn,add,34706,"[5, 5, 35, 10, 50]",0.9286871961102108,0.63290113452188,0.8411669367909238
dgcnn,add,33181,"[5, 5, 30, 35, 95]",0.9286871961102108,0.63290113452188,0.8399513776337115
dgcnn,add,32707,"[5, 10, 60, 35, 10]",0.9286871961102108,0.63290113452188,0.8391410048622366
dgcnn,add,33185,"[5, 0, 35, 65, 15]",0.9286871961102108,0.63290113452188,0.8383306320907618
dgcnn,add,34053,"[5, 0, 50, 65, 55]",0.9286871961102108,0.63290113452188,0.8375202593192869
dgcnn,add,33870,"[5, 0, 60, 45, 10]",0.9286871961102108,0.63290113452188,0.8375202593192869
dgcnn,cw,72553,"[5, 5, 10, 60, 60]",0.9286871961102108,0.002836304700162,0.8614262560777958
dgcnn,cw,71171,"[5, 0, 30, 10, 40]",0.9286871961102108,0.002836304700162,0.8594003241491086
dgcnn,cw,71994,"[5, 0, 5, 5, 45]",0.9286871961102108,0.002836304700162,0.8561588330632091
dgcnn,cw,72226,"[5, 5, 50, 20, 70]",0.9286871961102108,0.002836304700162,0.8557536466774717
dgcnn,cw,162,"[10, 0, 0, 0, 0]",0.9286871961102108,0.002836304700162,0.8553484602917342
dgcnn,cw,71037,"[5, 15, 20, 5, 25]",0.9286871961102108,0.002836304700162,0.8541329011345219
dgcnn,cw,161,"[5, 0, 0, 0, 0]",0.9286871961102108,0.002836304700162,0.853322528363047
dgcnn,cw,71502,"[10, 0, 35, 50, 40]",0.9286871961102108,0.002836304700162,0.8517017828200972
dgcnn,cw,72147,"[5, 0, 25, 75, 60]",0.9286871961102108,0.002836304700162,0.8512965964343598
dgcnn,cw,72201,"[5, 10, 15, 70, 5]",0.9286871961102108,0.002836304700162,0.8512965964343598
dgcnn,drop,58931,"[5, 0, 30, 10, 40]",0.9286871961102108,0.7220421393841167,0.7504051863857374
dgcnn,drop,59413,"[100, 5, 35, 10, 5]",0.9286871961102108,0.7220421393841167,0.7495948136142626
dgcnn,drop,60053,"[5, 5, 35, 10, 50]",0.9286871961102108,0.7220421393841167,0.7487844408427877
dgcnn,drop,60349,"[5, 0, 5, 5, 45]",0.9286871961102108,0.7220421393841167,0.7479740680713128
dgcnn,drop,59330,"[90, 0, 45, 20, 70]",0.9286871961102108,0.7220421393841167,0.7463533225283631
dgcnn,drop,281,"[5, 0, 0, 0, 0]",0.9286871961102108,0.7220421393841167,0.7459481361426256
dgcnn,drop,59913,"[100, 0, 20, 15, 65]",0.9286871961102108,0.7220421393841167,0.7455429497568882
dgcnn,drop,60539,"[10, 0, 40, 0, 55]",0.9286871961102108,0.7220421393841167,0.7451377633711507
dgcnn,drop,59374,"[75, 0, 0, 5, 50]",0.9286871961102108,0.7220421393841167,0.7451377633711507
dgcnn,drop,282,"[10, 0, 0, 0, 0]",0.9286871961102108,0.7220421393841167,0.7447325769854133
dgcnn,knn,402,"[10, 0, 0, 0, 0]",0.9286871961102108,0.0060777957860615,0.850486223662885
dgcnn,knn,86697,"[5, 5, 35, 10, 50]",0.9286871961102108,0.0060777957860615,0.8488654781199352
dgcnn,knn,86737,"[5, 0, 55, 40, 30]",0.9286871961102108,0.0060777957860615,0.8464343598055105
dgcnn,knn,85558,"[10, 0, 20, 40, 0]",0.9286871961102108,0.0060777957860615,0.8460291734197731
dgcnn,knn,84733,"[10, 5, 55, 25, 45]",0.9286871961102108,0.0060777957860615,0.8456239870340356
dgcnn,knn,85575,"[5, 0, 30, 10, 40]",0.9286871961102108,0.0060777957860615,0.8440032414910859
dgcnn,knn,85358,"[5, 15, 20, 5, 25]",0.9286871961102108,0.0060777957860615,0.8435980551053485
dgcnn,knn,86185,"[10, 0, 35, 50, 40]",0.9286871961102108,0.0060777957860615,0.8427876823338736
dgcnn,knn,85104,"[10, 5, 50, 40, 25]",0.9286871961102108,0.0060777957860615,0.8415721231766613
dgcnn,knn,85242,"[10, 0, 45, 25, 85]",0.9286871961102108,0.0060777957860615,0.8415721231766613
dgcnn,pgd,19648,"[10, 5, 45, 0, 70]",0.9286871961102108,0.0076985413290113,0.7605348460291734
dgcnn,pgd,17492,"[20, 10, 10, 45, 5]",0.9286871961102108,0.0076985413290113,0.7589141004862237
dgcnn,pgd,17149,"[35, 5, 40, 40, 0]",0.9286871961102108,0.0076985413290113,0.7576985413290114
dgcnn,pgd,19473,"[20, 0, 15, 15, 45]",0.9286871961102108,0.0076985413290113,0.7572933549432739
dgcnn,pgd,18026,"[15, 10, 30, 5, 55]",0.9286871961102108,0.0076985413290113,0.7572933549432739
dgcnn,pgd,19433,"[10, 5, 40, 15, 70]",0.9286871961102108,0.0076985413290113,0.756482982171799
dgcnn,pgd,18067,"[15, 15, 50, 30, 0]",0.9286871961102108,0.0076985413290113,0.7560777957860616
dgcnn,pgd,17684,"[10, 0, 20, 40, 0]",0.9286871961102108,0.0076985413290113,0.7556726094003241
dgcnn,pgd,17692,"[50, 0, 40, 5, 60]",0.9286871961102108,0.0076985413290113,0.7544570502431118
dgcnn,pgd,19100,"[30, 5, 45, 20, 65]",0.9286871961102108,0.0076985413290113,0.7540518638573744
dgcnn,pgdl2,1546,"[15, 5, 50, 0, 25]",0.9286871961102108,0.0218800648298217,0.7937601296596435
dgcnn,pgdl2,3967,"[20, 0, 15, 15, 45]",0.9286871961102108,0.0218800648298217,0.7929497568881686
dgcnn,pgdl2,3803,"[10, 0, 40, 0, 55]",0.9286871961102108,0.0218800648298217,0.7917341977309562
dgcnn,pgdl2,4008,"[20, 15, 55, 10, 55]",0.9286871961102108,0.0218800648298217,0.7901134521880064
dgcnn,pgdl2,3927,"[10, 5, 40, 15, 70]",0.9286871961102108,0.0218800648298217,0.7901134521880064
dgcnn,pgdl2,2817,"[15, 10, 25, 25, 30]",0.9286871961102108,0.0218800648298217,0.7888978930307942
dgcnn,pgdl2,2811,"[10, 10, 50, 35, 40]",0.9286871961102108,0.0218800648298217,0.7884927066450568
dgcnn,pgdl2,2446,"[15, 20, 30, 35, 35]",0.9286871961102108,0.0218800648298217,0.7880875202593193
dgcnn,pgdl2,3084,"[15, 5, 50, 10, 60]",0.9286871961102108,0.0218800648298217,0.7880875202593193
dgcnn,pgdl2,2561,"[15, 15, 50, 30, 0]",0.9286871961102108,0.0218800648298217,0.7872771474878444
pct,add,36808,"[5, 30, 35, 15, 85]",0.9294975688816856,0.6308752025931929,0.8594003241491086
pct,add,38070,"[5, 15, 90, 15, 55]",0.9294975688816856,0.6308752025931929,0.8557536466774717
pct,add,35094,"[5, 10, 60, 35, 10]",0.9294975688816856,0.6308752025931929,0.8549432739059968
pct,add,36336,"[5, 20, 60, 50, 60]",0.9294975688816856,0.6308752025931929,0.8541329011345219
pct,add,36427,"[5, 15, 65, 20, 95]",0.9294975688816856,0.6308752025931929,0.853322528363047
pct,add,36210,"[5, 25, 80, 60, 35]",0.9294975688816856,0.6308752025931929,0.8529173419773096
pct,add,36989,"[5, 25, 50, 0, 100]",0.9294975688816856,0.6308752025931929,0.8525121555915721
pct,add,36303,"[5, 15, 90, 5, 30]",0.9294975688816856,0.6308752025931929,0.8525121555915721
pct,add,36257,"[5, 0, 60, 45, 10]",0.9294975688816856,0.6308752025931929,0.8521069692058347
pct,add,38158,"[5, 0, 75, 5, 90]",0.9294975688816856,0.6308752025931929,0.8521069692058347
pct,cw,74008,"[5, 15, 40, 5, 95]",0.9294975688816856,0.1231766612641815,0.8776337115072933
pct,cw,72728,"[5, 10, 60, 35, 10]",0.9294975688816856,0.1231766612641815,0.8752025931928687
pct,cw,73937,"[5, 15, 90, 5, 30]",0.9294975688816856,0.1231766612641815,0.8743922204213939
pct,cw,73388,"[5, 15, 20, 5, 25]",0.9294975688816856,0.1231766612641815,0.8723662884927067
pct,cw,74767,"[5, 0, 55, 40, 30]",0.9294975688816856,0.1231766612641815,0.8711507293354943
pct,cw,74727,"[5, 5, 35, 10, 50]",0.9294975688816856,0.1231766612641815,0.8711507293354943
pct,cw,74418,"[5, 35, 50, 5, 70]",0.9294975688816856,0.1231766612641815,0.869935170178282
pct,cw,72828,"[5, 25, 0, 25, 70]",0.9294975688816856,0.1231766612641815,0.869935170178282
pct,cw,74061,"[5, 15, 65, 20, 95]",0.9294975688816856,0.1231766612641815,0.8691247974068071
pct,cw,74623,"[5, 25, 50, 0, 100]",0.9294975688816856,0.1231766612641815,0.8683144246353323
pct,drop,54359,"[5, 15, 90, 15, 55]",0.9294975688816856,0.7394651539708266,0.7787682333873582
pct,drop,52592,"[5, 15, 90, 5, 30]",0.9294975688816856,0.7394651539708266,0.7751215559157212
pct,drop,52499,"[5, 25, 80, 60, 35]",0.9294975688816856,0.7394651539708266,0.7743111831442464
pct,drop,52077,"[5, 30, 95, 25, 0]",0.9294975688816856,0.7394651539708266,0.773095623987034
pct,drop,53648,"[5, 5, 85, 80, 5]",0.9294975688816856,0.7394651539708266,0.7726904376012966
pct,drop,52716,"[5, 15, 65, 20, 95]",0.9294975688816856,0.7394651539708266,0.7722852512155591
pct,drop,54373,"[0, 0, 95, 30, 55]",0.9294975688816856,0.7394651539708266,0.7722852512155591
pct,drop,52625,"[5, 20, 60, 50, 60]",0.9294975688816856,0.7394651539708266,0.7710696920583469
pct,drop,52836,"[5, 5, 95, 40, 85]",0.9294975688816856,0.7394651539708266,0.7710696920583469
pct,drop,54447,"[5, 0, 75, 5, 90]",0.9294975688816856,0.7394651539708266,0.7706645056726094
pct,knn,88483,"[5, 35, 50, 5, 70]",0.9294975688816856,0.1470826580226904,0.8618314424635333
pct,knn,88073,"[5, 15, 40, 5, 95]",0.9294975688816856,0.1470826580226904,0.859805510534846
pct,knn,88832,"[5, 0, 55, 40, 30]",0.9294975688816856,0.1470826580226904,0.8589951377633711
pct,knn,88002,"[5, 15, 90, 5, 30]",0.9294975688816856,0.1470826580226904,0.8585899513776337
pct,knn,88507,"[5, 30, 35, 15, 85]",0.9294975688816856,0.1470826580226904,0.8585899513776337
pct,knn,86793,"[5, 10, 60, 35, 10]",0.9294975688816856,0.1470826580226904,0.8573743922204214
pct,knn,87267,"[5, 5, 30, 35, 95]",0.9294975688816856,0.1470826580226904,0.856969205834684
pct,knn,86886,"[5, 35, 10, 20, 25]",0.9294975688816856,0.1470826580226904,0.856969205834684
pct,knn,87956,"[5, 0, 60, 45, 10]",0.9294975688816856,0.1470826580226904,0.8553484602917342
pct,knn,88688,"[5, 25, 50, 0, 100]",0.9294975688816856,0.1470826580226904,0.8553484602917342
pct,pgd,21973,"[5, 35, 85, 70, 30]",0.9294975688816856,0.0316045380875202,0.6932739059967585
pct,pgd,21429,"[5, 35, 100, 60, 0]",0.9294975688816856,0.0316045380875202,0.6932739059967585
pct,pgd,21939,"[5, 40, 85, 30, 50]",0.9294975688816856,0.0316045380875202,0.6871961102106969
pct,pgd,20853,"[5, 25, 80, 60, 35]",0.9294975688816856,0.0316045380875202,0.6851701782820098
pct,pgd,19784,"[5, 30, 95, 70, 40]",0.9294975688816856,0.0316045380875202,0.6847649918962723
pct,pgd,22240,"[5, 50, 90, 75, 55]",0.9294975688816856,0.0316045380875202,0.6847649918962723
pct,pgd,22152,"[5, 40, 80, 55, 25]",0.9294975688816856,0.0316045380875202,0.6827390599675851
pct,pgd,20292,"[5, 50, 95, 65, 25]",0.9294975688816856,0.0316045380875202,0.679902755267423
pct,pgd,20431,"[5, 30, 95, 25, 0]",0.9294975688816856,0.0316045380875202,0.6790923824959482
pct,pgd,22242,"[5, 35, 85, 25, 80]",0.9294975688816856,0.0316045380875202,0.6774716369529984
pct,pgdl2,5727,"[5, 35, 100, 60, 0]",0.9311183144246352,0.0980551053484602,0.7370340356564019
pct,pgdl2,6271,"[5, 35, 85, 70, 30]",0.9311183144246352,0.0980551053484602,0.7301458670988655
pct,pgdl2,6538,"[5, 50, 90, 75, 55]",0.9311183144246352,0.0980551053484602,0.726904376012966
pct,pgdl2,5079,"[5, 55, 95, 100, 40]",0.9311183144246352,0.0980551053484602,0.7264991896272285
pct,pgdl2,4082,"[5, 30, 95, 70, 40]",0.9311183144246352,0.0980551053484602,0.7256888168557536
pct,pgdl2,5377,"[5, 50, 100, 0, 35]",0.9311183144246352,0.0980551053484602,0.7240680713128039
pct,pgdl2,4590,"[5, 50, 95, 65, 25]",0.9311183144246352,0.0980551053484602,0.723257698541329
pct,pgdl2,6237,"[5, 40, 85, 30, 50]",0.9311183144246352,0.0980551053484602,0.7200162074554295
pct,pgdl2,6450,"[5, 40, 80, 55, 25]",0.9311183144246352,0.0980551053484602,0.7183954619124797
pct,pgdl2,4729,"[5, 30, 95, 25, 0]",0.9311183144246352,0.0980551053484602,0.7179902755267423
pointmlp,add,40273,"[5, 0, 55, 40, 30]",0.9339546191247974,0.4286871961102107,0.6628849270664505
pointmlp,add,38712,"[5, 0, 35, 65, 15]",0.9339546191247974,0.4286871961102107,0.6628849270664505
pointmlp,add,39111,"[5, 0, 30, 10, 40]",0.9339546191247974,0.4286871961102107,0.6616693679092382
pointmlp,add,39397,"[5, 0, 60, 45, 10]",0.9339546191247974,0.4286871961102107,0.656807131280389
pointmlp,add,40529,"[5, 0, 5, 5, 45]",0.9339546191247974,0.4286871961102107,0.6564019448946515
pointmlp,add,41320,"[5, 0, 30, 25, 75]",0.9339546191247974,0.4286871961102107,0.6523500810372771
pointmlp,add,39580,"[5, 0, 50, 65, 55]",0.9339546191247974,0.4286871961102107,0.6511345218800648
pointmlp,add,40851,"[5, 0, 25, 75, 60]",0.9339546191247974,0.4286871961102107,0.6499189627228525
pointmlp,add,41276,"[5, 0, 50, 80, 15]",0.9339546191247974,0.4286871961102107,0.6442463533225283
pointmlp,add,81,"[5, 0, 0, 0, 0]",0.9339546191247974,0.4286871961102107,0.643030794165316
pointmlp,cw,75959,"[5, 0, 30, 10, 40]",0.9339546191247974,0.1373581847649919,0.6559967585089141
pointmlp,cw,75560,"[5, 0, 35, 65, 15]",0.9339546191247974,0.1373581847649919,0.6535656401944895
pointmlp,cw,76245,"[5, 0, 60, 45, 10]",0.9339546191247974,0.1373581847649919,0.653160453808752
pointmlp,cw,77121,"[5, 0, 55, 40, 30]",0.9339546191247974,0.1373581847649919,0.6491085899513777
pointmlp,cw,76428,"[5, 0, 50, 65, 55]",0.9339546191247974,0.1373581847649919,0.6442463533225283
pointmlp,cw,77377,"[5, 0, 5, 5, 45]",0.9339546191247974,0.1373581847649919,0.6296596434359806
pointmlp,cw,77699,"[5, 0, 25, 75, 60]",0.9339546191247974,0.1373581847649919,0.626418152350081
pointmlp,cw,76870,"[5, 0, 20, 85, 20]",0.9339546191247974,0.1373581847649919,0.6187196110210696
pointmlp,cw,77660,"[5, 0, 40, 90, 35]",0.9339546191247974,0.1373581847649919,0.6146677471636953
pointmlp,cw,75540,"[5, 0, 50, 90, 10]",0.9339546191247974,0.1373581847649919,0.6134521880064829
pointmlp,drop,57017,"[0, 0, 25, 95, 20]",0.936385737439222,0.7864667747163695,0.7994327390599676
pointmlp,drop,56955,"[0, 0, 20, 80, 35]",0.936385737439222,0.7864667747163695,0.796191247974068
pointmlp,drop,57391,"[0, 0, 10, 50, 60]",0.936385737439222,0.7864667747163695,0.7901134521880064
pointmlp,drop,56816,"[0, 0, 25, 5, 50]",0.936385737439222,0.7864667747163695,0.7880875202593193
pointmlp,drop,320,"[0, 0, 0, 0, 0]",0.936385737439222,0.7864667747163695,0.7864667747163695
pointmlp,drop,55131,"[0, 0, 85, 25, 40]",0.936385737439222,0.7864667747163695,0.779578606158833
pointmlp,drop,57506,"[0, 0, 90, 50, 5]",0.936385737439222,0.7864667747163695,0.779578606158833
pointmlp,drop,55669,"[0, 0, 20, 50, 95]",0.936385737439222,0.7864667747163695,0.7759319286871961
pointmlp,drop,57564,"[0, 0, 95, 30, 55]",0.936385737439222,0.7864667747163695,0.7483792544570502
pointmlp,drop,56613,"[5, 0, 55, 40, 30]",0.936385737439222,0.7864667747163695,0.747163695299838
pointmlp,knn,91204,"[5, 0, 55, 40, 30]",0.9339546191247974,0.0842787682333873,0.692868719611021
pointmlp,knn,89643,"[5, 0, 35, 65, 15]",0.9339546191247974,0.0842787682333873,0.690032414910859
pointmlp,knn,90511,"[5, 0, 50, 65, 55]",0.9339546191247974,0.0842787682333873,0.6892220421393841
pointmlp,knn,90042,"[5, 0, 30, 10, 40]",0.9339546191247974,0.0842787682333873,0.6782820097244733
pointmlp,knn,90328,"[5, 0, 60, 45, 10]",0.9339546191247974,0.0842787682333873,0.6778768233387358
pointmlp,knn,91782,"[5, 0, 25, 75, 60]",0.9339546191247974,0.0842787682333873,0.673419773095624
pointmlp,knn,90953,"[5, 0, 20, 85, 20]",0.9339546191247974,0.0842787682333873,0.6693679092382496
pointmlp,knn,91460,"[5, 0, 5, 5, 45]",0.9339546191247974,0.0842787682333873,0.6673419773095624
pointmlp,knn,91743,"[5, 0, 40, 90, 35]",0.9339546191247974,0.0842787682333873,0.6653160453808752
pointmlp,knn,91278,"[5, 0, 5, 45, 100]",0.9339546191247974,0.0842787682333873,0.649513776337115
pointmlp,pgd,24621,"[5, 0, 55, 40, 30]",0.936385737439222,0.0056726094003241,0.3310372771474878
pointmlp,pgd,23928,"[5, 0, 50, 65, 55]",0.936385737439222,0.0056726094003241,0.3269854132901134
pointmlp,pgd,23060,"[5, 0, 35, 65, 15]",0.936385737439222,0.0056726094003241,0.3237439222042139
pointmlp,pgd,25199,"[5, 0, 25, 75, 60]",0.936385737439222,0.0056726094003241,0.3188816855753646
pointmlp,pgd,23745,"[5, 0, 60, 45, 10]",0.936385737439222,0.0056726094003241,0.3160453808752026
pointmlp,pgd,25160,"[5, 0, 40, 90, 35]",0.936385737439222,0.0056726094003241,0.3067260940032414
pointmlp,pgd,24370,"[5, 0, 20, 85, 20]",0.936385737439222,0.0056726094003241,0.3018638573743922
pointmlp,pgd,23459,"[5, 0, 30, 10, 40]",0.936385737439222,0.0056726094003241,0.2945705024311183
pointmlp,pgd,23040,"[5, 0, 50, 90, 10]",0.936385737439222,0.0056726094003241,0.2937601296596434
pointmlp,pgd,24695,"[5, 0, 5, 45, 100]",0.936385737439222,0.0056726094003241,0.2913290113452188
pointmlp,pgdl2,8212,"[5, 0, 50, 65, 55]",0.936385737439222,0.1482982171799027,0.6936790923824959
pointmlp,pgdl2,9483,"[5, 0, 25, 75, 60]",0.936385737439222,0.1482982171799027,0.6819286871961102
pointmlp,pgdl2,8905,"[5, 0, 55, 40, 30]",0.936385737439222,0.1482982171799027,0.6819286871961102
pointmlp,pgdl2,7344,"[5, 0, 35, 65, 15]",0.936385737439222,0.1482982171799027,0.6786871961102107
pointmlp,pgdl2,9444,"[5, 0, 40, 90, 35]",0.936385737439222,0.1482982171799027,0.6766612641815235
pointmlp,pgdl2,8029,"[5, 0, 60, 45, 10]",0.936385737439222,0.1482982171799027,0.6746353322528363
pointmlp,pgdl2,7743,"[5, 0, 30, 10, 40]",0.936385737439222,0.1482982171799027,0.6730145867098866
pointmlp,pgdl2,8654,"[5, 0, 20, 85, 20]",0.936385737439222,0.1482982171799027,0.6685575364667747
pointmlp,pgdl2,7324,"[5, 0, 50, 90, 10]",0.936385737439222,0.1482982171799027,0.6681523500810372
pointmlp,pgdl2,8979,"[5, 0, 5, 45, 100]",0.936385737439222,0.1482982171799027,0.6677471636952999
pointnet,add,2,"[10, 0, 0, 0, 0]",0.896677471636953,0.5133711507293355,0.8249594813614263
pointnet,add,10,"[50, 0, 0, 0, 0]",0.896677471636953,0.5133711507293355,0.8249594813614263
pointnet,add,3,"[15, 0, 0, 0, 0]",0.896677471636953,0.5133711507293355,0.8245542949756888
pointnet,add,31575,"[15, 25, 10, 0, 0]",0.896677471636953,0.5133711507293355,0.8237439222042139
pointnet,add,5,"[25, 0, 0, 0, 0]",0.896677471636953,0.5133711507293355,0.8237439222042139
pointnet,add,7,"[35, 0, 0, 0, 0]",0.896677471636953,0.5133711507293355,0.8221231766612642
pointnet,add,31452,"[15, 15, 15, 5, 0]",0.896677471636953,0.5133711507293355,0.8217179902755267
pointnet,add,17,"[85, 0, 0, 0, 0]",0.896677471636953,0.5133711507293355,0.8217179902755267
pointnet,add,4,"[20, 0, 0, 0, 0]",0.896677471636953,0.5133711507293355,0.8213128038897893
pointnet,add,16,"[80, 0, 0, 0, 0]",0.896677471636953,0.5133711507293355,0.8209076175040518
pointnet,cw,120,"[0, 0, 0, 0, 0]",0.896677471636953,0.8861426256077796,0.8861426256077796
pointnet,cw,121,"[5, 0, 0, 0, 0]",0.896677471636953,0.8861426256077796,0.8857374392220422
pointnet,cw,125,"[25, 0, 0, 0, 0]",0.896677471636953,0.8861426256077796,0.8841166936790924
pointnet,cw,122,"[10, 0, 0, 0, 0]",0.896677471636953,0.8861426256077796,0.8837115072933549
pointnet,cw,127,"[35, 0, 0, 0, 0]",0.896677471636953,0.8861426256077796,0.8812803889789304
pointnet,cw,123,"[15, 0, 0, 0, 0]",0.896677471636953,0.8861426256077796,0.8812803889789304
pointnet,cw,124,"[20, 0, 0, 0, 0]",0.896677471636953,0.8861426256077796,0.8808752025931929
pointnet,cw,132,"[60, 0, 0, 0, 0]",0.896677471636953,0.8861426256077796,0.880064829821718
pointnet,cw,129,"[45, 0, 0, 0, 0]",0.896677471636953,0.8861426256077796,0.880064829821718
pointnet,cw,130,"[50, 0, 0, 0, 0]",0.896677471636953,0.8861426256077796,0.8796596434359806
pointnet,drop,256,"[80, 0, 0, 0, 0]",0.896677471636953,0.4529983792544571,0.710291734197731
pointnet,drop,51153,"[70, 30, 15, 0, 0]",0.896677471636953,0.4529983792544571,0.7098865478119936
pointnet,drop,257,"[85, 0, 0, 0, 0]",0.896677471636953,0.4529983792544571,0.7090761750405187
pointnet,drop,50384,"[75, 35, 5, 5, 0]",0.896677471636953,0.4529983792544571,0.7078606158833063
pointnet,drop,259,"[95, 0, 0, 0, 0]",0.896677471636953,0.4529983792544571,0.7058346839546191
pointnet,drop,258,"[90, 0, 0, 0, 0]",0.896677471636953,0.4529983792544571,0.7050243111831442
pointnet,drop,255,"[75, 0, 0, 0, 0]",0.896677471636953,0.4529983792544571,0.7050243111831442
pointnet,drop,49903,"[70, 20, 0, 5, 0]",0.896677471636953,0.4529983792544571,0.7050243111831442
pointnet,drop,254,"[70, 0, 0, 0, 0]",0.896677471636953,0.4529983792544571,0.7042139384116693
pointnet,drop,252,"[60, 0, 0, 0, 0]",0.896677471636953,0.4529983792544571,0.7042139384116693
pointnet,knn,361,"[5, 0, 0, 0, 0]",0.896677471636953,0.8792544570502431,0.8857374392220422
pointnet,knn,362,"[10, 0, 0, 0, 0]",0.896677471636953,0.8792544570502431,0.8845218800648298
pointnet,knn,364,"[20, 0, 0, 0, 0]",0.896677471636953,0.8792544570502431,0.8824959481361426
pointnet,knn,365,"[25, 0, 0, 0, 0]",0.896677471636953,0.8792544570502431,0.8824959481361426
pointnet,knn,363,"[15, 0, 0, 0, 0]",0.896677471636953,0.8792544570502431,0.8812803889789304
pointnet,knn,366,"[30, 0, 0, 0, 0]",0.896677471636953,0.8792544570502431,0.880064829821718
pointnet,knn,360,"[0, 0, 0, 0, 0]",0.896677471636953,0.8792544570502431,0.8792544570502431
pointnet,knn,367,"[35, 0, 0, 0, 0]",0.896677471636953,0.8792544570502431,0.8792544570502431
pointnet,knn,372,"[60, 0, 0, 0, 0]",0.896677471636953,0.8792544570502431,0.8788492706645057
pointnet,knn,83930,"[30, 5, 0, 0, 0]",0.896677471636953,0.8792544570502431,0.8784440842787682
pointnet,pgd,16760,"[25, 25, 0, 0, 0]",0.896677471636953,0.0409238249594813,0.7208265802269044
pointnet,pgd,15896,"[15, 25, 10, 0, 0]",0.896677471636953,0.0409238249594813,0.720421393841167
pointnet,pgd,15806,"[15, 0, 50, 0, 0]",0.896677471636953,0.0409238249594813,0.7171799027552674
pointnet,pgd,15940,"[10, 60, 0, 5, 0]",0.896677471636953,0.0409238249594813,0.7106969205834684
pointnet,pgd,16535,"[30, 20, 40, 0, 0]",0.896677471636953,0.0409238249594813,0.7078606158833063
pointnet,pgd,16342,"[10, 60, 20, 0, 0]",0.896677471636953,0.0409238249594813,0.7070502431118314
pointnet,pgd,15773,"[15, 15, 15, 5, 0]",0.896677471636953,0.0409238249594813,0.706645056726094
pointnet,pgd,16702,"[10, 35, 30, 0, 0]",0.896677471636953,0.0409238249594813,0.706645056726094
pointnet,pgd,15967,"[15, 5, 50, 0, 0]",0.896677471636953,0.0409238249594813,0.706645056726094
pointnet,pgd,16190,"[50, 40, 25, 0, 0]",0.896677471636953,0.0409238249594813,0.7054294975688817
pointnet,pgdl2,341,"[15, 70, 35, 0, 0]",0.896677471636953,0.0,0.5194489465153971
pointnet,pgdl2,934,"[15, 70, 30, 5, 0]",0.896677471636953,0.0,0.5109400324149108
pointnet,pgdl2,45,"[10, 70, 70, 0, 0]",0.896677471636953,0.0,0.5072933549432739
pointnet,pgdl2,408,"[15, 55, 40, 10, 0]",0.896677471636953,0.0,0.5060777957860616
pointnet,pgdl2,662,"[15, 80, 0, 0, 0]",0.896677471636953,0.0,0.4983792544570502
pointnet,pgdl2,6,"[20, 45, 85, 0, 0]",0.896677471636953,0.0,0.4979740680713128
pointnet,pgdl2,239,"[15, 55, 50, 10, 0]",0.896677471636953,0.0,0.4971636952998379
pointnet,pgdl2,122,"[15, 80, 25, 0, 0]",0.896677471636953,0.0,0.4967585089141005
pointnet,pgdl2,343,"[15, 20, 100, 0, 0]",0.896677471636953,0.0,0.496353322528363
pointnet,pgdl2,690,"[10, 60, 20, 0, 0]",0.896677471636953,0.0,0.4959481361426256
pointnet2,add,45307,"[5, 15, 20, 0, 0]",0.910453808752026,0.715964343598055,0.8298217179902755
pointnet2,add,46274,"[5, 30, 30, 0, 0]",0.910453808752026,0.715964343598055,0.8294165316045381
pointnet2,add,45033,"[5, 55, 90, 0, 0]",0.910453808752026,0.715964343598055,0.8229335494327391
pointnet2,add,45603,"[5, 55, 25, 0, 0]",0.910453808752026,0.715964343598055,0.8229335494327391
pointnet2,add,21,"[5, 0, 0, 0, 0]",0.910453808752026,0.715964343598055,0.8225283630470016
pointnet2,add,45818,"[5, 20, 95, 0, 0]",0.910453808752026,0.715964343598055,0.8205024311183144
pointnet2,add,44849,"[5, 65, 15, 0, 0]",0.910453808752026,0.715964343598055,0.8103727714748784
pointnet2,add,45586,"[10, 15, 10, 0, 0]",0.910453808752026,0.715964343598055,0.8087520259319287
pointnet2,add,43546,"[10, 25, 40, 0, 0]",0.910453808752026,0.715964343598055,0.8067260940032415
pointnet2,add,42562,"[10, 35, 30, 0, 0]",0.910453808752026,0.715964343598055,0.8063209076175041
pointnet2,cw,79096,"[0, 10, 40, 0, 0]",0.910453808752026,0.9055915721231766,0.906807131280389
pointnet2,cw,79442,"[0, 0, 5, 0, 0]",0.910453808752026,0.9055915721231766,0.9064019448946516
pointnet2,cw,79643,"[0, 15, 75, 0, 0]",0.910453808752026,0.9055915721231766,0.905996758508914
pointnet2,cw,140,"[0, 0, 0, 0, 0]",0.910453808752026,0.9055915721231766,0.9055915721231766
pointnet2,cw,79726,"[0, 0, 50, 0, 0]",0.910453808752026,0.9055915721231766,0.9043760129659644
pointnet2,cw,80054,"[0, 50, 10, 0, 0]",0.910453808752026,0.9055915721231766,0.9039708265802268
pointnet2,cw,78511,"[0, 55, 45, 0, 0]",0.910453808752026,0.9055915721231766,0.9011345218800648
pointnet2,cw,79352,"[0, 40, 75, 0, 0]",0.910453808752026,0.9055915721231766,0.9007293354943274
pointnet2,cw,81218,"[0, 45, 80, 0, 0]",0.910453808752026,0.9055915721231766,0.8954619124797407
pointnet2,cw,78372,"[0, 70, 30, 0, 0]",0.910453808752026,0.9055915721231766,0.8946515397082658
pointnet2,drop,64334,"[0, 45, 80, 0, 0]",0.910453808752026,0.8160453808752026,0.8314424635332253
pointnet2,drop,64653,"[0, 25, 70, 0, 0]",0.910453808752026,0.8160453808752026,0.8310372771474879
pointnet2,drop,63053,"[0, 70, 80, 0, 0]",0.910453808752026,0.8160453808752026,0.8290113452188006
pointnet2,drop,62468,"[0, 40, 75, 0, 0]",0.910453808752026,0.8160453808752026,0.826580226904376
pointnet2,drop,64681,"[0, 15, 95, 0, 0]",0.910453808752026,0.8160453808752026,0.8261750405186385
pointnet2,drop,62759,"[0, 15, 75, 0, 0]",0.910453808752026,0.8160453808752026,0.8257698541329012
pointnet2,drop,62842,"[0, 0, 50, 0, 0]",0.910453808752026,0.8160453808752026,0.8241491085899514
pointnet2,drop,64691,"[0, 25, 55, 0, 0]",0.910453808752026,0.8160453808752026,0.8217179902755267
pointnet2,drop,61627,"[0, 55, 45, 0, 0]",0.910453808752026,0.8160453808752026,0.820097244732577
pointnet2,drop,62212,"[0, 10, 40, 0, 0]",0.910453808752026,0.8160453808752026,0.820097244732577
pointnet2,knn,93202,"[0, 10, 40, 0, 0]",0.910453808752026,0.9047811993517018,0.9047811993517018
pointnet2,knn,93548,"[0, 0, 5, 0, 0]",0.910453808752026,0.9047811993517018,0.9047811993517018
pointnet2,knn,380,"[0, 0, 0, 0, 0]",0.910453808752026,0.9047811993517018,0.9047811993517018
pointnet2,knn,93749,"[0, 15, 75, 0, 0]",0.910453808752026,0.9047811993517018,0.9043760129659644
pointnet2,knn,93832,"[0, 0, 50, 0, 0]",0.910453808752026,0.9047811993517018,0.9039708265802268
pointnet2,knn,94160,"[0, 50, 10, 0, 0]",0.910453808752026,0.9047811993517018,0.9035656401944896
pointnet2,knn,93458,"[0, 40, 75, 0, 0]",0.910453808752026,0.9047811993517018,0.8999189627228525
pointnet2,knn,92617,"[0, 55, 45, 0, 0]",0.910453808752026,0.9047811993517018,0.8991085899513777
pointnet2,knn,95262,"[0, 60, 5, 0, 0]",0.910453808752026,0.9047811993517018,0.8978930307941653
pointnet2,knn,95324,"[0, 45, 80, 0, 0]",0.910453808752026,0.9047811993517018,0.8958670988654781
pointnet2,pgd,28616,"[20, 30, 25, 0, 0]",0.910453808752026,0.0008103727714748,0.679902755267423
pointnet2,pgd,506,"[30, 0, 0, 0, 0]",0.910453808752026,0.0008103727714748,0.6782820097244733
pointnet2,pgd,508,"[40, 0, 0, 0, 0]",0.910453808752026,0.0008103727714748,0.6770664505672609
pointnet2,pgd,26409,"[25, 25, 0, 0, 0]",0.910453808752026,0.0008103727714748,0.6770664505672609
pointnet2,pgd,25459,"[70, 15, 20, 0, 0]",0.910453808752026,0.0008103727714748,0.6766612641815235
pointnet2,pgd,27111,"[70, 0, 50, 0, 0]",0.910453808752026,0.0008103727714748,0.6762560777957861
pointnet2,pgd,26919,"[70, 40, 40, 0, 0]",0.910453808752026,0.0008103727714748,0.6746353322528363
pointnet2,pgd,25545,"[15, 25, 10, 0, 0]",0.910453808752026,0.0008103727714748,0.6742301458670988
pointnet2,pgd,27841,"[45, 10, 25, 0, 0]",0.910453808752026,0.0008103727714748,0.6738249594813615
pointnet2,pgd,27582,"[25, 30, 35, 0, 0]",0.910453808752026,0.0008103727714748,0.673419773095624
pointnet2,pgdl2,10114,"[30, 5, 0, 0, 0]",0.910453808752026,0.0121555915721231,0.7313614262560778
pointnet2,pgdl2,11388,"[25, 50, 5, 0, 0]",0.910453808752026,0.0121555915721231,0.729740680713128
pointnet2,pgdl2,10181,"[45, 20, 35, 0, 0]",0.910453808752026,0.0121555915721231,0.7277147487844409
pointnet2,pgdl2,12620,"[90, 35, 30, 0, 0]",0.910453808752026,0.0121555915721231,0.726904376012966
pointnet2,pgdl2,11638,"[50, 50, 40, 0, 0]",0.910453808752026,0.0121555915721231,0.7260940032414911
pointnet2,pgdl2,11489,"[35, 15, 20, 0, 0]",0.910453808752026,0.0121555915721231,0.7260940032414911
pointnet2,pgdl2,9920,"[15, 5, 50, 0, 0]",0.910453808752026,0.0121555915721231,0.7260940032414911
pointnet2,pgdl2,629,"[45, 0, 0, 0, 0]",0.910453808752026,0.0121555915721231,0.7260940032414911
pointnet2,pgdl2,11886,"[25, 30, 35, 0, 0]",0.910453808752026,0.0121555915721231,0.7260940032414911
pointnet2,pgdl2,10012,"[15, 35, 70, 0, 0]",0.910453808752026,0.0121555915721231,0.7256888168557536
